Workbook
Name end_index: 'Data and Stats'!$L$5
Name num_of_periods: 'Data and Stats'!$L$3
Name risk_premium: 'Data and Stats'!$L$6
Name start_index: 'Data and Stats'!$L$4

Sheet Data and Stats
F2: Annualized Mean Daily Return
F3: MSFT | G3: GOOG | H3: AAPL | I3: S&P 500 | L3: 249
F4: =(SUM(INDEX(F:F, start_index):INDEX(F:F, end_index))/COUNT(INDEX(F:F, start_index):INDEX(F:F, end_index)))*num_of_periods -> 0.046565901 | G4: =(SUM(INDEX(G:G, start_index):INDEX(G:G, end_index))/COUNT(INDEX(G:G, start_index):INDEX(G:G, end_index)))*num_of_periods -> 0.087038809 | H4: =(SUM(INDEX(H:H, start_index):INDEX(H:H, end_index))/COUNT(INDEX(H:H, start_index):INDEX(H:H, end_index)))*num_of_periods -> 0.30930438 | I4: =(SUM(INDEX(I:I, start_index):INDEX(I:I, end_index))/COUNT(INDEX(I:I, start_index):INDEX(I:I, end_index)))*num_of_periods -> 0.11840569 | L4: 22
L5: 270
B6: Daily Standard Deviation | F6: Annualized Standard Deviation | L6: 0.06
B7: MSFT | C7: GOOG | D7: AAPL | E7: S&P 500 | F7: MSFT | G7: GOOG | H7: AAPL | I7: S&P 500
B8: =_xlfn.STDEV.S(INDEX(F:F, start_index):INDEX(F:F, end_index)) -> 0.012976893 | C8: =_xlfn.STDEV.S(INDEX(G:G, start_index):INDEX(G:G, end_index)) -> 0.014333098 | D8: =_xlfn.STDEV.S(INDEX(H:H, start_index):INDEX(H:H, end_index)) -> 0.018581934 | E8: =_xlfn.STDEV.S(INDEX(I:I, start_index):INDEX(I:I, end_index)) -> 0.0080025423 | F8: =B8*SQRT(num_of_periods) -> 0.20477191 | G8: =C8*SQRT(num_of_periods) -> 0.22617247 | H8: =D8*SQRT(num_of_periods) -> 0.29321798 | I8: =E8*SQRT(num_of_periods) -> 0.12627799
B10: Correlation Matrix | F10: Annualized Covariance Matrix
C11: MSFT | D11: GOOG | E11: AAPL | G11: MSFT | H11: GOOG | I11: AAPL
B12: MSFT | C12: =CORREL(INDEX($F:$F, start_index):INDEX($F:$F, end_index), INDEX(F:F, start_index):INDEX(F:F, end_index)) -> 1 | D12: =CORREL(INDEX($F:$F, start_index):INDEX($F:$F, end_index), INDEX(G:G, start_index):INDEX(G:G, end_index)) -> 0.19164215 | E12: =CORREL(INDEX($F:$F, start_index):INDEX($F:$F, end_index), INDEX(H:H, start_index):INDEX(H:H, end_index)) -> 0.27520541 | F12: MSFT | G12: =_xlfn.COVARIANCE.S(INDEX($F:$F, start_index):INDEX($F:$F, end_index), INDEX(F:F, start_index):INDEX(F:F, end_index))*num_of_periods -> 0.041931537 | H12: =_xlfn.COVARIANCE.S(INDEX($F:$F, start_index):INDEX($F:$F, end_index), INDEX(G:G, start_index):INDEX(G:G, end_index))*num_of_periods -> 0.0088756707 | I12: =_xlfn.COVARIANCE.S(INDEX($F:$F, start_index):INDEX($F:$F, end_index), INDEX(H:H, start_index):INDEX(H:H, end_index))*num_of_periods -> 0.016524106
B13: GOOG | C13: =CORREL(INDEX($G:$G, start_index):INDEX($G:$G, end_index), INDEX(F:F, start_index):INDEX(F:F, end_index)) -> 0.19164215 | D13: =CORREL(INDEX($G:$G, start_index):INDEX($G:$G, end_index), INDEX(G:G, start_index):INDEX(G:G, end_index)) -> 1 | E13: =CORREL(INDEX($G:$G, start_index):INDEX($G:$G, end_index), INDEX(H:H, start_index):INDEX(H:H, end_index)) -> 0.38307669 | F13: GOOG | G13: =_xlfn.COVARIANCE.S(INDEX($G:$G, start_index):INDEX($G:$G, end_index), INDEX(F:F, start_index):INDEX(F:F, end_index))*num_of_periods -> 0.0088756707 | H13: =_xlfn.COVARIANCE.S(INDEX($G:$G, start_index):INDEX($G:$G, end_index), INDEX(G:G, start_index):INDEX(G:G, end_index))*num_of_periods -> 0.051153988 | I13: =_xlfn.COVARIANCE.S(INDEX($G:$G, start_index):INDEX($G:$G, end_index), INDEX(H:H, start_index):INDEX(H:H, end_index))*num_of_periods -> 0.025404817
B14: AAPL | C14: =CORREL(INDEX($H:$H, start_index):INDEX($H:$H, end_index), INDEX(F:F, start_index):INDEX(F:F, end_index)) -> 0.27520541 | D14: =CORREL(INDEX($H:$H, start_index):INDEX($H:$H, end_index), INDEX(G:G, start_index):INDEX(G:G, end_index)) -> 0.38307669 | E14: =CORREL(INDEX($H:$H, start_index):INDEX($H:$H, end_index), INDEX(H:H, start_index):INDEX(H:H, end_index)) -> 1 | F14: AAPL | G14: =_xlfn.COVARIANCE.S(INDEX($H:$H, start_index):INDEX($H:$H, end_index), INDEX(F:F, start_index):INDEX(F:F, end_index))*num_of_periods -> 0.016524106 | H14: =_xlfn.COVARIANCE.S(INDEX($H:$H, start_index):INDEX($H:$H, end_index), INDEX(G:G, start_index):INDEX(G:G, end_index))*num_of_periods -> 0.025404817 | I14: =_xlfn.COVARIANCE.S(INDEX($H:$H, start_index):INDEX($H:$H, end_index), INDEX(H:H, start_index):INDEX(H:H, end_index))*num_of_periods -> 0.085976784
B16: Beta | F16: CAPM Expected Returns
B17: MSFT | C17: GOOG | D17: AAPL | E17: S&P 500 | F17: MSFT | G17: GOOG | H17: AAPL | I17: S&P 500
B18: =_xlfn.COVARIANCE.S(INDEX($I:$I, start_index):INDEX($I:$I, end_index), INDEX(F:F, start_index):INDEX(F:F, end_index))/_xlfn.VAR.S(INDEX($I:$I, start_index):INDEX($I:$I, end_index)) -> 1.0883639 | C18: =_xlfn.COVARIANCE.S(INDEX($I:$I, start_index):INDEX($I:$I, end_index), INDEX(G:G, start_index):INDEX(G:G, end_index))/_xlfn.VAR.S(INDEX($I:$I, start_index):INDEX($I:$I, end_index)) -> 0.85168711 | D18: =_xlfn.COVARIANCE.S(INDEX($I:$I, start_index):INDEX($I:$I, end_index), INDEX(H:H, start_index):INDEX(H:H, end_index))/_xlfn.VAR.S(INDEX($I:$I, start_index):INDEX($I:$I, end_index)) -> 1.2690991 | E18: 1 | F18: ='MV Optimization'!$D$12+B18*risk_premium -> 0.075301834 | G18: ='MV Optimization'!$D$12+C18*risk_premium -> 0.061101227 | H18: ='MV Optimization'!$D$12+D18*risk_premium -> 0.086145944 | I18: =1%+E18*6% -> 0.07
B20: Adjusted Close | F20: Daily Return
A21: Date | B21: MSFT | C21: GOOG | D21: AAPL | E21: S&P 500 | F21: MSFT | G21: GOOG | H21: AAPL | I21: S&P 500
A22: 41274 | B22: 26.31 | C22: 707.38 | D22: 525.61 | E22: 1426.19 | F22: =(B22/B23)-1 -> 0.0061185468 | G22: =(C22/C23)-1 -> 0.010528421 | H22: =(D22/D23)-1 -> 0.04430669 | I22: =(E22/E23)-1 -> 0.016942022
A23: 41271 | B23: 26.15 | C23: 700.01 | D23: 503.31 | E23: 1402.43 | F23: =(B23/B24)-1 -> -0.015065913 | G23: =(C23/C24)-1 -> -0.0088915318 | H23: =(D23/D24)-1 -> -0.010615085 | I23: =(E23/E24)-1 -> -0.011049996
A24: 41270 | B24: 26.55 | C24: 706.29 | D24: 508.71 | E24: 1418.1 | F24: =(B24/B25)-1 -> 0.0037807183 | G24: =(C24/C25)-1 -> -0.0036395954 | H24: =(D24/D25)-1 -> 0.0040262893 | I24: =(E24/E25)-1 -> -0.0012184557
A25: 41269 | B25: 26.45 | C25: 708.87 | D25: 506.67 | E25: 1419.83 | F25: =(B25/B26)-1 -> -0.0075046904 | G25: =(C25/C26)-1 -> -0.00088794926 | H25: =(D25/D26)-1 -> -0.013800218 | I25: =(E25/E26)-1 -> -0.0047874055
A26: 41267 | B26: 26.65 | C26: 709.5 | D26: 513.76 | E26: 1426.66 | F26: =(B26/B27)-1 -> -0.014423077 | G26: =(C26/C27)-1 -> -0.008565879 | H26: =(D26/D27)-1 -> 0.0016181545 | I26: =(E26/E27)-1 -> -0.0024403035
A27: 41264 | B27: 27.04 | C27: 715.63 | D27: 512.93 | E27: 1430.15 | F27: =(B27/B28)-1 -> -0.0080704329 | G27: =(C27/C28)-1 -> -0.0093166842 | H27: =(D27/D28)-1 -> -0.0045992626 | I27: =(E27/E28)-1 -> -0.0093787447
A28: 41263 | B28: 27.26 | C28: 722.36 | D28: 515.3 | E28: 1443.69 | F28: =(B28/B29)-1 -> 0.0133829 | G28: =(C28/C29)-1 -> 0.0031245226 | H28: =(D28/D29)-1 -> -0.0086953176 | I28: =(E28/E29)-1 -> 0.0054881913
A29: 41262 | B29: 26.9 | C29: 720.11 | D29: 519.82 | E29: 1435.81 | F29: =(B29/B30)-1 -> -0.0088430361 | G29: =(C29/C30)-1 -> -0.0013313548 | H29: =(D29/D30)-1 -> -0.014222863 | I29: =(E29/E30)-1 -> -0.0075892147
A30: 41261 | B30: 27.14 | C30: 721.07 | D30: 527.32 | E30: 1446.79 | F30: =(B30/B31)-1 -> 0.016860247 | G30: =(C30/C31)-1 -> 0.00040234191 | H30: =(D30/D31)-1 -> 0.029057627 | I30: =(E30/E31)-1 -> 0.011486619
A31: 41260 | B31: 26.69 | C31: 720.78 | D31: 512.43 | E31: 1430.36 | F31: =(B31/B32)-1 -> 0.010984848 | G31: =(C31/C32)-1 -> 0.026810644 | H31: =(D31/D32)-1 -> 0.017735849 | I31: =(E31/E32)-1 -> 0.01187057
A32: 41257 | B32: 26.4 | C32: 701.96 | D32: 503.5 | E32: 1413.58 | F32: =(B32/B33)-1 -> -0.011235955 | G32: =(C32/C33)-1 -> -0.001053081 | H32: =(D32/D33)-1 -> -0.037579326 | I32: =(E32/E33)-1 -> -0.0041354046
A33: 41256 | B33: 26.7 | C33: 702.7 | D33: 523.16 | E33: 1419.45 | F33: =(B33/B34)-1 -> -0.0048453224 | G33: =(C33/C34)-1 -> 0.0073685418 | H33: =(D33/D34)-1 -> -0.017263079 | I33: =(E33/E34)-1 -> -0.0063214046
... A270: 40912 | B270: 26.24 | C270: 668.28 | D270: 404.75 | E270: 1277.3 | F270: =(B270/B271)-1 -> 0.023400936 | G270: =(C270/C271)-1 -> 0.0043131303 | H270: =(D270/D271)-1 -> 0.005390233 | I270: =(E270/E271)-1 -> 0.00018793166
A271: 40911 | B271: 25.64 | C271: 665.41 | D271: 402.58 | E271: 1277.06

Sheet MV Optimization
B2: View Based Expected Return | F2: CAPM Based Expected Return
B3: MSFT | C3: GOOG | D3: AAPL | F3: MSFT | G3: GOOG | H3: AAPL
B4: 0.16 | C4: 0.14 | D4: 0.12 | F4: ='Data and Stats'!F18 -> 0.075301834 | G4: ='Data and Stats'!G18 -> 0.061101227 | H4: ='Data and Stats'!H18 -> 0.086145944
B6: Black-Litterman Expected Return | F6: Annualized Covariance Matrix
B7: MSFT | C7: GOOG | D7: AAPL | G7: MSFT | H7: GOOG | I7: AAPL
B8: =B4*0.2+F4*0.8 -> 0.092241467 | C8: =C4*0.2+G4*0.8 -> 0.076880981 | D8: =D4*0.2+H4*0.8 -> 0.092916755 | F8: MSFT | G8: ='Data and Stats'!G12 -> 0.041931537 | H8: ='Data and Stats'!H12 -> 0.0088756707 | I8: ='Data and Stats'!I12 -> 0.016524106
F9: GOOG | G9: ='Data and Stats'!G13 -> 0.0088756707 | H9: ='Data and Stats'!H13 -> 0.051153988 | I9: ='Data and Stats'!I13 -> 0.025404817
F10: AAPL | G10: ='Data and Stats'!G14 -> 0.016524106 | H10: ='Data and Stats'!H14 -> 0.025404817 | I10: ='Data and Stats'!I14 -> 0.085976784 | N10: Answer D | Q10: Answer E | V10: Annualized Covariance Matrix
O11: Tangency Portfolio Weights | Q11: Tangency Portfolio Properties | W11: MSFT | X11: GOOG | Y11: AAPL | Z11: Risk-free
C12: risk free rate | D12: 0.01 | N12: WMSFT | O12: 0.56912459 | Q12: 0.16513639 | R12: Portfolio standard deviation | V12: MSFT | W12: ='Data and Stats'!G12 -> 0.041931537 | X12: ='Data and Stats'!H12 -> 0.0088756707 | Y12: ='Data and Stats'!I12 -> 0.016524106 | Z12: 0
N13: WGOOG | O13: 0.28775835 | Q13: 0.087918004 | R13: Portfolio expected return | V13: GOOG | W13: ='Data and Stats'!G13 -> 0.0088756707 | X13: ='Data and Stats'!H13 -> 0.051153988 | Y13: ='Data and Stats'!I13 -> 0.025404817 | Z13: 0
D14: Weights to optimize | F14: {=SQRT(MMULT(MMULT(TRANSPOSE($D$15:$D$17), $G$8:$I$10), $D$15:$D$17))} -> 0.16513639 | G14: Portfolio standard deviation | N14: WAAPL | O14: 0.14311706 | Q14: 0.4718403 | R14: Portfolio Sharpe ratio | V14: AAPL | W14: ='Data and Stats'!G14 -> 0.016524106 | X14: ='Data and Stats'!H14 -> 0.025404817 | Y14: ='Data and Stats'!I14 -> 0.085976784 | Z14: 0
C15: WMSFT | D15: 0.56912467 | F15: {=SUMPRODUCT($D$15:$D$17, TRANSPOSE($B$8:$D$8))} -> 0.087918006 | G15: Portfolio expected return | N15: Tangency standard deviation | V15: Risk-free | W15: 0 | X15: 0 | Y15: 0 | Z15: 0
C16: WGOOG | D16: 0.28775829 | F16: =($F$15-$D$12)/$F$14 -> 0.4718403 | G16: Portfolio Sharpe ratio
C17: WAAPL | D17: 0.14311705 | N17: Answer F: Weight in tangency and risk free asset | S17: Weights to optimize | U17: {=SQRT(MMULT(MMULT(TRANSPOSE($S$18:$S$21), $W$12:$Z$15), $S$18:$S$21))} -> 0.17650005 | V17: Portfolio standard deviation
C18: Sum | D18: =SUM(D15:D17) -> 1 | F18: Answer A: optimal weights | I18: Answer B: portfolio properties | N18: wT = | O18: =I19/Q12 -> 1.0688143 | R18: WMSFT | S18: 0.60828621 | U18: =SUMPRODUCT($S$18:$S$21,TRANSPOSE(_xlfn.HSTACK($B$8:$D$8,$D$12))) -> 0.093279837 | V18: Portfolio expected return
G19: Weights | I19: 0.17650014 | J19: Portfolio standard deviation | N19: wf = | O19: =1-O18 -> -0.068814291 | R19: WGOOG | S19: 0.30755976 | U19: =(U18-D12)/U17 -> 0.4718403 | V19: Portfolio Sharpe ratio
F20: WMSFT | G20: 0.66569414 | I20: 0.090772014 | J20: Portfolio expected return | R20: WAAPL | S20: 0.15296773
C21: Starting values | F21: WGOOG | G21: 0.10571402 | I21: 0.45763145 | J21: Portfolio Sharpe ratio | N21: Answer G: Final weights in each position | R21: wf = | S21: -0.0688137
C22: WMSFT | D22: 0.33333333 | F22: WAAPL | G22: 0.22859184 | N22: WMSFT | O22: 0.60828621 | R22: Sum | S22: =SUM(S18:S21) -> 1
C23: WGOOG | D23: 0.33333333 | F23: Sum | G23: 1 | N23: WGOOG | O23: 0.30755976
C24: WAAPL | D24: 0.33333333 | N24: WAAPL | O24: 0.15296773
C25: Sum | D25: =SUM(D22:D24) -> 0.99999999 | F25: Answer C: | G25: Relative to the equal weight portfolio, optimal portfolio increases | N25: Wf | O25: -0.0688137
G26: expected return by: | J26: =I20-D28 -> 0.0034256134
D27: {=SQRT(MMULT(MMULT(TRANSPOSE($D$22:$D$24), $G$8:$I$10), $D$22:$D$24))} -> 0.17659479 | G27: expected dollar payout by: | J27: =100000000*J26 -> 342561.34
D28: {=SUMPRODUCT($D$22:$D$24, TRANSPOSE($B$8:$D$8))} -> 0.0873464
D29: =(D28-D12)/D27 -> 0.437988
